{"cameraMode":{"drawMode":0,"name":"Shaded","section":"Shading Mode"},"sceneLighting":true,"audioPlay":false,"sceneViewState":{"showFog":true,"showMaterialUpdate":false,"showSkybox":true,"showFlares":true,"showImageEffects":true,"showParticleSystems":true},"in2DMode":false,"pivot":{"x":-0.07177461683750153,"y":0.9826518297195435,"z":0.0013422705233097077},"rotation":{"x":-0.30209261178970339,"y":-0.645344614982605,"z":0.30923011898994448,"w":-0.6299415230751038},"size":0.35957473516464236,"orthographic":false}